/*
Navicat MySQL Data Transfer

Source Server         : MySql
Source Server Version : 50720
Source Host           : localhost:3306
Source Database       : db_online_exam

Target Server Type    : MYSQL
Target Server Version : 50720
File Encoding         : 65001

Date: 2023-05-29 16:55:04
*/

SET FOREIGN_KEY_CHECKS=0;

-- ----------------------------
-- Table structure for t_clazz
-- ----------------------------
DROP TABLE IF EXISTS `t_clazz`;
CREATE TABLE `t_clazz` (
  `clazz_id` int(10) unsigned NOT NULL AUTO_INCREMENT,
  `clazz_name` int(11) DEFAULT NULL,
  PRIMARY KEY (`clazz_id`)
) ENGINE=InnoDB AUTO_INCREMENT=3 DEFAULT CHARSET=utf8;

-- ----------------------------
-- Records of t_clazz
-- ----------------------------
INSERT INTO `t_clazz` VALUES ('1', '1');
INSERT INTO `t_clazz` VALUES ('2', '2');

-- ----------------------------
-- Table structure for t_course
-- ----------------------------
DROP TABLE IF EXISTS `t_course`;
CREATE TABLE `t_course` (
  `course_id` int(10) unsigned NOT NULL AUTO_INCREMENT,
  `course_name` varchar(255) DEFAULT NULL,
  `description` varchar(255) DEFAULT NULL,
  PRIMARY KEY (`course_id`)
) ENGINE=InnoDB AUTO_INCREMENT=15 DEFAULT CHARSET=utf8;

-- ----------------------------
-- Records of t_course
-- ----------------------------
INSERT INTO `t_course` VALUES ('1', 'C语言程序设计', 'C语言程序设计基础。');
INSERT INTO `t_course` VALUES ('2', '高等数学A+', '微积分。');
INSERT INTO `t_course` VALUES ('3', 'JavaWeb编程', 'Java Web，是用Java技术来解决相关web互联网领域的技术栈。');
INSERT INTO `t_course` VALUES ('4', '计算机组成原理', '计算机组成原理课程共八章，包括计算机系统概论、运算方法与运算器、中央处理器、输入输出系统、存储系统、数据表示等内容。');
INSERT INTO `t_course` VALUES ('5', '数据结构', '数据结构是计算机存储、组织数据的方式。数据结构是指相互之间存在一种或多种特定关系的数据元素的集合。');
INSERT INTO `t_course` VALUES ('6', '计算机网络', '计算机网络是指将地理位置不同的具有独立功能的多台计算机及其外部设备，通过通信线路连接起来，在网络操作系统，网络管理软件及网络通信协议的管理和协调下，实现资源共享和信息传递的计算机系统。 ');
INSERT INTO `t_course` VALUES ('7', '操作系统原理', '操作系统是一组主管并控制计算机操作、运用和运行硬件、软件资源和提供公共服务来组织用户交互的相互关联的系统软件程序。');
INSERT INTO `t_course` VALUES ('8', '大学英语A', null);
INSERT INTO `t_course` VALUES ('9', '数据库原理', null);
INSERT INTO `t_course` VALUES ('10', '软件工程导论', '软件工程是指导计算机软件开发和维护的一门工程学科。');
INSERT INTO `t_course` VALUES ('11', 'Web前端开发技术', 'html、css、javascript');
INSERT INTO `t_course` VALUES ('12', '离散数学', '离散数学是研究离散量的结构及其相互关系的数学学科，是现代数学的一个重要分支。离散的含义是指不同的连接在一起的元素，主要是研究基于离散量的结构和相互间的关系，其对象一般是有限个或可数个元素。');
INSERT INTO `t_course` VALUES ('13', '线性代数', '线性代数是数学的一个分支，它的研究对象是向量，向量空间，线性变换和有限维的线性方程组。');
INSERT INTO `t_course` VALUES ('14', '概率与数理统计', '包括概率论的基本概念、随机变量及其概率分布、数字特征、大数定律与中心极限定理、统计量及其概率分布、参数估计和假设检验、回归分析、方差分析、马尔科夫链等内容。');

-- ----------------------------
-- Table structure for t_exam
-- ----------------------------
DROP TABLE IF EXISTS `t_exam`;
CREATE TABLE `t_exam` (
  `exam_code` int(9) NOT NULL AUTO_INCREMENT COMMENT '考试编号',
  `description` varchar(50) COLLATE utf8_bin DEFAULT NULL COMMENT '该次考试介绍',
  `course` varchar(20) COLLATE utf8_bin DEFAULT NULL COMMENT '课程名称',
  `paper_id` int(10) DEFAULT NULL COMMENT '试卷编号',
  `exam_date` varchar(10) COLLATE utf8_bin DEFAULT NULL COMMENT '考试日期',
  `total_time` int(3) DEFAULT NULL COMMENT '持续时长',
  `grade` varchar(10) COLLATE utf8_bin DEFAULT NULL COMMENT '年级',
  `term` varchar(10) COLLATE utf8_bin DEFAULT NULL COMMENT '学期',
  `major` varchar(20) COLLATE utf8_bin DEFAULT NULL COMMENT '专业',
  `institute` varchar(20) COLLATE utf8_bin DEFAULT NULL COMMENT '学院',
  `total_score` int(4) DEFAULT NULL COMMENT '总分',
  `type` varchar(255) COLLATE utf8_bin DEFAULT NULL COMMENT '考试类型',
  `tips` varchar(255) COLLATE utf8_bin DEFAULT NULL COMMENT '考生须知',
  PRIMARY KEY (`exam_code`) USING BTREE
) ENGINE=InnoDB AUTO_INCREMENT=20190010 DEFAULT CHARSET=utf8 COLLATE=utf8_bin ROW_FORMAT=DYNAMIC COMMENT='考试管理表';

-- ----------------------------
-- Records of t_exam
-- ----------------------------
INSERT INTO `t_exam` VALUES ('20190001', '2019年上期期末考试', '计算机网络', '1', '2019-03-21', '120', '2018', '1', '计算机科学与技术', '软件工程学院', '100', '期末考试', '快乐千万条，学习第一条，平时不努力，考试两行泪。');
INSERT INTO `t_exam` VALUES ('20190002', '2019年上期期末考试', '数据库原理', '2', '2019-03-07', '90', '2018', '2', '网络工程', '软件工程学院', '100', '期末考试', '快乐千万条，学习第一条，平时不努力，考试两行泪。');
INSERT INTO `t_exam` VALUES ('20190003', '2018年下期期末考试', '数据结构', '3', '2019-02-27', '90', '2017', '1', '软件工程', '软件工程学院', '100', '期末考试', '快乐千万条，学习第一条，平时不努力，考试两行泪。');
INSERT INTO `t_exam` VALUES ('20190005', '2018年上期期末考试', '软件工程导论', '4', '2019-03-14', '90', '2018', '1', '计算机科学与技术', '软件工程学院', '100', '期末考试', '快乐千万条，学习第一条，平时不努力，考试两行泪。');
INSERT INTO `t_exam` VALUES ('20190006', '2017年上期期末考试', 'JavaWeb编程', '5', '2019-03-21', '120', '2018', '1', '计算机科学与技术', '软件工程学院', '100', '期末考试', '快乐千万条，学习第一条，平时不努力，考试两行泪。');
INSERT INTO `t_exam` VALUES ('20190007', '2018年上期期末考试', '操作系统原理', '6', '2019-03-13', '120', '2018', '2', '计算机科学与技术', '软件工程学院', '100', '期末考试', '快乐千万条，学习第一条，平时不努力，考试两行泪。');
INSERT INTO `t_exam` VALUES ('20190008', '2018年下期期末考试', 'C语言程序设计', '7', '2019-03-13', '120', '2018', '1', '信息工程', '软件工程学院', '100', '期末考试', '快乐千万条，学习第一条，平时不努力，考试两行泪。');
INSERT INTO `t_exam` VALUES ('20190009', '2018年上期期末考试', '高等数学', '8', '2019-03-07', '90', '2018', '1', '信息工程', '软件工程学院', '100', '期末考试', '快乐千万条，学习第一条，平时不努力，考试两行泪。');

-- ----------------------------
-- Table structure for t_exam_record
-- ----------------------------
DROP TABLE IF EXISTS `t_exam_record`;
CREATE TABLE `t_exam_record` (
  `exam_record_id` int(10) unsigned NOT NULL AUTO_INCREMENT,
  `exam_code` int(11) DEFAULT NULL,
  `student_id` int(11) DEFAULT NULL,
  `score` varchar(255) DEFAULT NULL,
  PRIMARY KEY (`exam_record_id`)
) ENGINE=InnoDB AUTO_INCREMENT=2 DEFAULT CHARSET=utf8;

-- ----------------------------
-- Records of t_exam_record
-- ----------------------------
INSERT INTO `t_exam_record` VALUES ('1', '20190001', '2020104', '10');

-- ----------------------------
-- Table structure for t_fill_question
-- ----------------------------
DROP TABLE IF EXISTS `t_fill_question`;
CREATE TABLE `t_fill_question` (
  `question_id` int(9) NOT NULL AUTO_INCREMENT COMMENT '试题编号',
  `course` varchar(20) COLLATE utf8_bin DEFAULT NULL COMMENT '考试科目',
  `question` varchar(255) COLLATE utf8_bin DEFAULT NULL COMMENT '试题内容',
  `right_answer` varchar(255) COLLATE utf8_bin DEFAULT NULL COMMENT '正确答案',
  `analysis` varchar(255) COLLATE utf8_bin DEFAULT NULL COMMENT '题目解析',
  `score` int(2) DEFAULT '2' COMMENT '分数',
  `section` varchar(20) COLLATE utf8_bin DEFAULT NULL COMMENT '所属章节',
  PRIMARY KEY (`question_id`) USING BTREE
) ENGINE=InnoDB AUTO_INCREMENT=10029 DEFAULT CHARSET=utf8 COLLATE=utf8_bin ROW_FORMAT=DYNAMIC COMMENT='填空题题库';

-- ----------------------------
-- Records of t_fill_question
-- ----------------------------
INSERT INTO `t_fill_question` VALUES ('10000', '计算机网络', '路由器根据（）来做出数据包转发决定', '通信子网资源子网', '暂无解析', '2', null);
INSERT INTO `t_fill_question` VALUES ('10001', '计算机网络', '收发电子邮件，属于ISO/OSI RM中（）层的功能。', '应用', '暂无解析', '2', null);
INSERT INTO `t_fill_question` VALUES ('10002', '计算机网络', '用于将WWW服务器的文档传送给浏览器的协议是（）协议。', '超文本传输', '暂无解析', '2', null);
INSERT INTO `t_fill_question` VALUES ('10003', '计算机网络', '与分段有关的IP报头字段分别是分段标识符，分段偏移和（）', '分段标志位', '暂无解析', '2', null);
INSERT INTO `t_fill_question` VALUES ('10004', '计算机网络', '计算机网络采用（）技术，而传统电话网络则采用电路交换技术', '分组交换', '暂无解析', '2', null);
INSERT INTO `t_fill_question` VALUES ('10005', '计算机网络', 'TCP协议通过（）机制实现可靠通信。', '带重发的肯定确认', '暂无解析', '2', null);
INSERT INTO `t_fill_question` VALUES ('10006', '计算机网络', '对于给定的逻辑地址，网络主机使用（）协议来得到其物理地址', 'ARP', '暂无解析', '2', null);
INSERT INTO `t_fill_question` VALUES ('10007', '计算机网络', '通信系统中，称调制前的电信号为（）信号，调制后的信号为调制信号', '基带', '暂无解析', '2', null);
INSERT INTO `t_fill_question` VALUES ('10008', '计算机网络', '按照IPV4标准,IP地址205.3.127.13属于（）类地址', 'C', '暂无解析', '2', null);
INSERT INTO `t_fill_question` VALUES ('10009', '计算机网络', '在计算机网络中数据的交换按交换方式来分类，可以分为电路交换、报文交换和（）三种', '报文分组交换', '暂无解析', '2', null);
INSERT INTO `t_fill_question` VALUES ('10010', '计算机网络', '计算机内传输的信号是（）,而公用电话系统的传输系统只能传输模拟信号', '数字信号', '暂无解析', '2', null);
INSERT INTO `t_fill_question` VALUES ('10011', '计算机网络', 'ICMP通常被认为是（）层的协议。', '网络', '暂无解析', '2', null);
INSERT INTO `t_fill_question` VALUES ('10012', '计算机网络', '信道复用技术主要有频分多路复用、时分多路复用、波分多路复用和（）四类', '码分多路复用', '暂无解析', '2', null);
INSERT INTO `t_fill_question` VALUES ('10013', '计算机网络', ' IP地址协议作网间网中()层协议，提供无连接的数据报传输机制，IP数据报也分为（）和数据区两个部分', '网络报头', '暂无解析', '2', null);
INSERT INTO `t_fill_question` VALUES ('10014', '计算机网络', '（）是一个简单的远程终端协议。', 'TELNET', '暂无解析', '2', null);
INSERT INTO `t_fill_question` VALUES ('10015', '计算机网络', '在同一个系统内，相邻层之间交换信息的连接点称之为()，而低层模块向高层提供功能性的支持称之为（）。', '接口服务', '暂无解析', '2', null);
INSERT INTO `t_fill_question` VALUES ('10016', '计算机网络', 'Internet广泛使用的电子邮件传送协议是（）', 'SMTP', '暂无解析', '2', null);
INSERT INTO `t_fill_question` VALUES ('10017', '计算机网络', '局域网使用的三种典型拓朴结构是（）、环形和总线型', '星型', '暂无解析', '2', null);
INSERT INTO `t_fill_question` VALUES ('10018', '计算机网络', 'Intranet分层结构包括网络、（）,应用三个层次。', '服务', '暂无解析', '2', null);
INSERT INTO `t_fill_question` VALUES ('10019', '计算机网络', 'WWW上的每一个网页都有一个独立的地址，这些地址称为（）', '统一资源定位器/URL ', '暂无解析', '2', null);
INSERT INTO `t_fill_question` VALUES ('10020', '计算机网络', '分组交换网中，附加信息用来在网络中进行路由选择、（）和流量控制', '差错纠正  ', '暂无解析', '2', null);
INSERT INTO `t_fill_question` VALUES ('10021', '计算机网络', '根据IEEE802模型的标准将数据链路层划分为LLC子层和（）子层。', ' MAC ', '暂无解析', '2', null);
INSERT INTO `t_fill_question` VALUES ('10022', '计算机网络', '据交换的路由信息的不同，路由算法可以分为两大类：（）和链路状态算法', '距离向量算法', '暂无解析', '2', null);
INSERT INTO `t_fill_question` VALUES ('10023', '计算机网络', '假定某信道受奈氏准则限制的最高码元速率为2000码元/秒。如果采用振幅调制，把码元的振幅划分为16个不同等级来传送，那么可以获得的数据率为（）b/s。', '80000 ', '暂无解析', '2', null);
INSERT INTO `t_fill_question` VALUES ('10024', '计算机网络', '交换型以太网系统中的（）,以其为核心联接站点或者网段，端口之间帧的输入和输出已不再受到CSMA/CD媒体访问控制协议的约束。', '以太网交换器 ', '暂无解析', '2', null);
INSERT INTO `t_fill_question` VALUES ('10025', '计算机网络', '局域网络参考模型是以（）标准为基础的', 'IEEE802', '暂无解析', '2', null);
INSERT INTO `t_fill_question` VALUES ('10026', '计算机网络', '路由器的核心是 () 。', ' 路由表', '暂无解析', '2', null);
INSERT INTO `t_fill_question` VALUES ('10027', '计算机网络', '若 HDLC 帧数据段中出现比特串“ 01011111110 ”，则比特填充后的输出为()', '10111110110', '暂无解析', '2', null);
INSERT INTO `t_fill_question` VALUES ('10028', '计算机网络', '数字调制的三种基本形式：移幅键控法ASK、 ()、移相键控法PSK', '移频键控法FSK', '暂无解析', '2', null);

-- ----------------------------
-- Table structure for t_judge_question
-- ----------------------------
DROP TABLE IF EXISTS `t_judge_question`;
CREATE TABLE `t_judge_question` (
  `question_id` int(9) NOT NULL AUTO_INCREMENT COMMENT '试题编号',
  `course` varchar(20) COLLATE utf8_bin DEFAULT NULL COMMENT '考试科目',
  `question` varchar(255) COLLATE utf8_bin DEFAULT NULL COMMENT '试题内容',
  `right_answer` varchar(255) COLLATE utf8_bin DEFAULT NULL COMMENT '正确答案',
  `analysis` varchar(255) COLLATE utf8_bin DEFAULT NULL COMMENT '题目解析',
  `score` int(2) DEFAULT '2' COMMENT '分数',
  `section` varchar(20) COLLATE utf8_bin DEFAULT NULL COMMENT '所属章节',
  PRIMARY KEY (`question_id`) USING BTREE
) ENGINE=InnoDB AUTO_INCREMENT=10013 DEFAULT CHARSET=utf8 COLLATE=utf8_bin ROW_FORMAT=DYNAMIC COMMENT='判断题题库表';

-- ----------------------------
-- Records of t_judge_question
-- ----------------------------
INSERT INTO `t_judge_question` VALUES ('10000', '计算机网络', '在局域网上，计算机与计算机的通信是通过物理地址MAC来识别发送信息源和传送目的地的。', 'T', '暂无解析', '2', null);
INSERT INTO `t_judge_question` VALUES ('10001', '计算机网络', '与有线网相比,无线网的数据传输率一般相对较慢', 'T', '暂无解析', '2', '');
INSERT INTO `t_judge_question` VALUES ('10002', '计算机网络', 'OSI参考模型中,不同节点的同等层具有不同的功能', 'F', '暂无解析', '2', null);
INSERT INTO `t_judge_question` VALUES ('10003', '计算机网络', '普通电脑不能作为服务器', 'F', '暂无解析', '2', null);
INSERT INTO `t_judge_question` VALUES ('10004', '计算机网络', '没有网线的电脑不能连入互联网', 'F', '暂无解析', '2', null);
INSERT INTO `t_judge_question` VALUES ('10005', '计算机网络', '网卡必须安装驱动程序', 'T', '暂无解析', '2', null);
INSERT INTO `t_judge_question` VALUES ('10006', '计算机网络', 'UTP为屏蔽双绞线', 'F', '暂无解析', '2', null);
INSERT INTO `t_judge_question` VALUES ('10007', '计算机网络', '网络接口卡又称为网卡,它是构成网络的基本部件', 'T', '暂无解析', '2', null);
INSERT INTO `t_judge_question` VALUES ('10008', '计算机网络', '无线AP可以成倍地扩展网络覆盖范围', 'T', '暂无解析', '2', null);
INSERT INTO `t_judge_question` VALUES ('10009', '计算机网络', 'SMTP是一组用于由源地址到目的地址传送邮件的协议', 'T', '暂无解析', '2', null);
INSERT INTO `t_judge_question` VALUES ('10010', '计算机网络', '任务管理器可以关闭所有的进程', 'F', '暂无解析', '2', null);
INSERT INTO `t_judge_question` VALUES ('10011', '计算机网络', '利用BT下载时,用户越多,下载速度越快', 'T', '暂无解析', '2', null);
INSERT INTO `t_judge_question` VALUES ('10012', '计算机网络', 'INTERNET上向朋友发送电子邮件,必须知道对方的真实姓名和家庭住址', 'F', '暂无解析', '2', null);

-- ----------------------------
-- Table structure for t_major
-- ----------------------------
DROP TABLE IF EXISTS `t_major`;
CREATE TABLE `t_major` (
  `major_id` int(10) unsigned NOT NULL AUTO_INCREMENT,
  `major_name` varchar(255) DEFAULT NULL,
  PRIMARY KEY (`major_id`)
) ENGINE=InnoDB AUTO_INCREMENT=3 DEFAULT CHARSET=utf8;

-- ----------------------------
-- Records of t_major
-- ----------------------------
INSERT INTO `t_major` VALUES ('1', '软件工程');
INSERT INTO `t_major` VALUES ('2', '计算机科学与技术');

-- ----------------------------
-- Table structure for t_multi_question
-- ----------------------------
DROP TABLE IF EXISTS `t_multi_question`;
CREATE TABLE `t_multi_question` (
  `question_id` int(9) NOT NULL AUTO_INCREMENT COMMENT '试题编号',
  `course` varchar(20) COLLATE utf8_bin DEFAULT NULL COMMENT '考试科目',
  `question` varchar(255) COLLATE utf8_bin DEFAULT NULL COMMENT '问题题目',
  `optionA` varchar(255) COLLATE utf8_bin DEFAULT NULL COMMENT '选项A',
  `optionB` varchar(255) COLLATE utf8_bin DEFAULT NULL COMMENT '选项B',
  `optionC` varchar(255) COLLATE utf8_bin DEFAULT NULL COMMENT '选项C',
  `optionD` varchar(255) COLLATE utf8_bin DEFAULT NULL COMMENT '选项D',
  `right_answer` varchar(10) COLLATE utf8_bin DEFAULT NULL COMMENT '正确答案',
  `analysis` varchar(255) COLLATE utf8_bin DEFAULT NULL COMMENT '题目解析',
  `score` int(2) DEFAULT '2' COMMENT '分数',
  `section` varchar(20) COLLATE utf8_bin DEFAULT NULL COMMENT '所属章节',
  PRIMARY KEY (`question_id`) USING BTREE
) ENGINE=InnoDB AUTO_INCREMENT=10035 DEFAULT CHARSET=utf8 COLLATE=utf8_bin ROW_FORMAT=DYNAMIC COMMENT='选择题题库表';

-- ----------------------------
-- Records of t_multi_question
-- ----------------------------
INSERT INTO `t_multi_question` VALUES ('10000', '计算机网络', 'DNS 服务器和DHCP服务器的作用是（）', '将IP地址翻译为计算机名，为客户机分配IP地址', '将IP地址翻译为计算机名、解析计算机的MAC地址', '将计算机名翻译为IP地址、为客户机分配IP地址', '将计算机名翻译为IP地址、解析计算机的MAC地址', 'C', '暂无解析', '2', '应用层');
INSERT INTO `t_multi_question` VALUES ('10001', '计算机网络', 'HTTP协议通常使用什么协议进行传输（）', 'ARP', 'DHCP', 'UDP', 'TCP', 'D', '暂无解析', '2', '应用层');
INSERT INTO `t_multi_question` VALUES ('10002', '计算机网络', 'Internet中发送邮件协议是（）', 'FTP', 'SMTP', 'HTTP', 'POP', 'B', '暂无解析', '2', '应用层');
INSERT INTO `t_multi_question` VALUES ('10003', '计算机网络', '查看DNS缓存记录的命令（）', 'ipconfig/displaydns', 'ipconfig/all', 'ipconfig/release', 'ipconfig/flushdns', 'A', '暂无解析', '2', '应用层');
INSERT INTO `t_multi_question` VALUES ('10004', '计算机网络', 'DHCP(        )报文的目的IP地址为255.255.255.255', 'DhcpDisover', 'DhcpOffer', 'DhcpAck', 'DhcpNack', 'A', '暂无解析', '2', '应用层');
INSERT INTO `t_multi_question` VALUES ('10005', '计算机网络', '下列地址中，（  ）不是DHCP服务器分配的IP地址', '196.254.109.100', '169.254.12.42', '69.254.48.45', '96.254.54.15', 'B', '暂无解析', '2', '应用层');
INSERT INTO `t_multi_question` VALUES ('10006', '计算机网络', 'DHCP通常可以为客户端自动配置哪些网络参数（）', 'IP，掩码，网关，DNS', 'IP，掩码，域名，SMTP', '网关，掩码，浏览器，FTP', 'IP，网关，DNS，服务器', 'A', '暂无解析', '2', '应用层');
INSERT INTO `t_multi_question` VALUES ('10007', '计算机网络', 'DNS服务器在名称解析过程中正确的查询顺序为（）', '本地缓存记录→区域记录→转发域名服务器→根域名服务器', '区域记录→本地缓存记录→转发域名服务器→根域名服务器', '本地缓存记录→区域记录→根域名服务器→转发域名服务器', '区域记录→本地缓存记录→根域名服务器→转发域名服务器', 'A', '暂无解析', '2', '应用层');
INSERT INTO `t_multi_question` VALUES ('10008', '计算机网络', '在TCP/IP协议中，序号小于（  ）的端口称为熟知端口(well-known port)。', '1024', '64', '256', '128', 'A', '暂无解析', '2', '传输层');
INSERT INTO `t_multi_question` VALUES ('10009', '计算机网络', '在Internet上用TCP/IP播放视频，想用传输层的最快协议，以减少时延，要使用（ ）', 'UDP协议的低开销特性', 'UDP协议的高开销特性', 'TCP协议的低开销特性', 'TCP协议的高开销特性', 'A', '暂无解析', '2', '传输层');
INSERT INTO `t_multi_question` VALUES ('10010', '计算机网络', '在TCP协议中采用（ ）来区分不同的应用进程', '端口号', 'IP地址', '协议类型', 'MAC地址', 'A', '暂无解析', '2', '传输层');
INSERT INTO `t_multi_question` VALUES ('10011', '计算机网络', '可靠的传输协议中的“可靠”指的是（ ）', '使用面向连接的会话', '使用“尽力而为”的传输', '使用滑动窗口来维持可靠性', '使用确认重传机制来确保传输的数据不丢失', 'D', '暂无解析', '2', '传输层');
INSERT INTO `t_multi_question` VALUES ('10012', '计算机网络', '假设拥塞窗口为50KB，接收窗口为80KB，TCP能够发送的最大字节数为（ ）', '50KB', '80KB', '130KB', '30KB', 'A', '暂无解析', '2', '传输层');
INSERT INTO `t_multi_question` VALUES ('10013', '计算机网络', '主机A向主机B发送一个（SYN=1，seq=2000）的TCP报文，期望与主机B建立连接，若主机B接受连接请求，则主机B发送的正确有TCP报文可能是（ ）', '（SYN=0,ACK=0,seq=2001,ack=2001）', '（SYN=1,ACK=1,seq=2000,ack=2000）', '（SYN=1,ACK=1,seq=2001,ack=2001）', '（SYN=0,ACK=1,seq=2000,ack=2000）', 'C', '暂无解析', '2', '传输层');
INSERT INTO `t_multi_question` VALUES ('10014', '计算机网络', '主机A向主机B连续发送了两个TCP报文段，其序号分别为70和100。试问： （1）第一个报文段携带了（）个字节的数据？', ' 70', '30', '100', '170', 'B', '暂无解析', '2', '传输层');
INSERT INTO `t_multi_question` VALUES ('10015', '计算机网络', 'PCM脉码调制的过程（ ）', '采样、量化、编码', '量化、编码、采样', '编码、量化、采样', '采样、编码、量化', 'A', '暂无解析', '2', '物理层');
INSERT INTO `t_multi_question` VALUES ('10016', '计算机网络', '若某采用4相位调制的通信链路的数据传输速率为2400bps，则该链路的波特率为（）', '600Baud', '1200Baud', '4800Baud', '9600Baud', 'B', '暂无解析', '2', '物理层');
INSERT INTO `t_multi_question` VALUES ('10017', '计算机网络', '以下关于数据传输速率的描述中，错误的是( )', '数据传输速率表示每秒钟传输构成数据代码的二进制比特数', '对于二进制数据，数据传输速率为S=1/T (bps)', '常用的数据传输速率单位有: 1Mbps=1.024×106bps', '数据传输速率是描述数据传输系统性能的重要技术指标之一', 'C', '暂无解析', '2', '物理层');
INSERT INTO `t_multi_question` VALUES ('10018', '计算机网络', '以下关于时分多路复用概念的描述中，错误的是.(  ).', '时分多路复用将线路使用的时间分成多个时间片', '时分多路复用分为同步时分多路复用与统计时分多路复用', '时分多路复用使用“帧”与数据链路层“帧”的概念、作用是不同的', '统计时分多路复用将时间片预先分配给各个信道', 'D', '暂无解析', '2', '物理层');
INSERT INTO `t_multi_question` VALUES ('10019', '计算机网络', '1000BASE-T标准支持的传输介质是（）', '双绞线', '同轴电缆', '光纤', '无线电', 'A', '暂无解析', '2', '物理层');
INSERT INTO `t_multi_question` VALUES ('10020', '计算机网络', '一个以太网交换机，读取整个数据帧，对数据帧进行差错校验后再转发出去，这种交换方式称为 （）', '直通交换', '无碎片交换', '无差错交换', '存储转发交换', 'D', '暂无解析', '2', '数据链路层');
INSERT INTO `t_multi_question` VALUES ('10021', '计算机网络', '关于VLAN，下面的描述中正确的是（）', '一个新的交换机没有配置VLAN', '通过配置VLAN减少了冲突域的数量', '一个VLAN不能跨越多个交换机', '各个VLAN属于不同的广播域', 'D', '暂无解析', '2', '数据链路层');
INSERT INTO `t_multi_question` VALUES ('10022', '计算机网络', '以太网协议中使用物理地址作用是什么？', '.用于不同子网中的主机进行通信', '作为第二层设备的唯一标识', '用于区别第二层第三层的协议数据单元', '保存主机可检测未知的远程设备', 'B', '暂无解析', '2', '数据链路层');
INSERT INTO `t_multi_question` VALUES ('10023', '计算机网络', '以太网采用的CSMA/CD协议，当冲突发生时要通过二进制指数后退算法计算后退延时， 关于这个算法，以下论述中错误的是 （）', '冲突次数越多，后退的时间越短', '平均后退次数的多少与负载大小有关', '后退时延的平均值与负载大小有关', '重发次数达到一定极限后放弃发送', 'A', '暂无解析', '2', '数据链路层');
INSERT INTO `t_multi_question` VALUES ('10024', '计算机网络', '以下关于交换机获取与其端口连接设备的MAC地址的叙述中，正确的是（）', '交换机从路由表中提取设备的MAC地址', '交换机检查端口流入分组的源地址', '交换机之间互相交换地址表', '网络管理员手工输入设备的MAC地址', 'B', '暂无解析', '2', '数据链路层');
INSERT INTO `t_multi_question` VALUES ('10025', '计算机网络', '如果G (x）为11010010，以下4个CRC校验比特序列中只有哪个可能是正确的 ？', '1101011001', '101011011', '11011011', '1011001', 'B', '暂无解析', '2', '数据链路层');
INSERT INTO `t_multi_question` VALUES ('10026', '计算机网络', '以下关于Ethernet物理地址的描述中，错误的是', 'Ethernet物理地址又叫做MAC地址', '48位的Ethernet物理地址允许分配的地址数达到247个', '网卡的物理地址写入主机的EPROM中', '每一块网卡的物理地址在全世界是唯一的', 'C', '暂无解析', '2', '数据链路层');
INSERT INTO `t_multi_question` VALUES ('10027', '计算机网络', '下列帧类型中，不属于HDLC帧类型的是（）', '信息帧', '确认帧', '监控帧', '无编号帧', 'B', '暂无解析', '2', '数据链路层');
INSERT INTO `t_multi_question` VALUES ('10028', '计算机网络', '将传输比特流划分为帧，应属于下列OSI 的哪一层处理？', '物理层', '数据链路层', '传输层', '网络层', 'B', '暂无解析', '2', '数据链路层');
INSERT INTO `t_multi_question` VALUES ('10029', '计算机网络', '数据链路层的数据单位是（）', '帧', '字节', '比特', '分组', 'A', '暂无解析', '2', '数据链路层');
INSERT INTO `t_multi_question` VALUES ('10030', '计算机网络', 'LAN参考模型可分为物理层、（ ）', 'MAC，LLC等三层', 'LLC，MHS等三层', 'MAC，FTAM等三层', 'LLC，VT等三层', 'A', '暂无解析', '2', '数据链路层');
INSERT INTO `t_multi_question` VALUES ('10031', '计算机网络', 'OSI模型数据链路层的主要功能是（）', '利用不可路由的物理地址建立平面网络模型', '通过物理媒体以比特流格式传输数据', '利用逻辑地址建立多个可路由网络', '建立、管理和终止应用层实体之间的会话', 'A', '暂无解析', '2', '数据链路层');
INSERT INTO `t_multi_question` VALUES ('10032', '计算机网络', 'TCP在应用程序之间建立了下列哪种类型的线路（）', '虚拟线路', '动态线路', '物理线路', '无连接线路', 'A', '暂无解析', '2', '网络层');
INSERT INTO `t_multi_question` VALUES ('10033', '计算机网络', '下列哪项最恰当地描述了建立TCP连接时“第一次握手”所做的工作', '“连接发起方”向“接收方”发送一个SYN-ACK段', '“接收方”向“连接发起方”发送一个SYN-ACK段', '“连接发起方”向目标主机的TCP进程发送一个SYN段', '“接收方”向源主机的TCP进程发送一个SYN段作为应答', 'C', '暂无解析', '2', '网络层');
INSERT INTO `t_multi_question` VALUES ('10034', '计算机网络', 'TCP 和UDP 协议的相似之处是', '面向连接的协议', '面向非连接的协议', '传输层协议', '以上均不对', 'C', '暂无解析', '2', null);

-- ----------------------------
-- Table structure for t_paper
-- ----------------------------
DROP TABLE IF EXISTS `t_paper`;
CREATE TABLE `t_paper` (
  `paper_id` int(11) NOT NULL AUTO_INCREMENT,
  `course` varchar(255) DEFAULT NULL,
  `total_score` int(11) DEFAULT NULL,
  `description` varchar(255) DEFAULT NULL,
  PRIMARY KEY (`paper_id`)
) ENGINE=InnoDB AUTO_INCREMENT=2 DEFAULT CHARSET=utf8;

-- ----------------------------
-- Records of t_paper
-- ----------------------------
INSERT INTO `t_paper` VALUES ('1', '计算机网络', '100', '计算机网络试卷');

-- ----------------------------
-- Table structure for t_paper_question
-- ----------------------------
DROP TABLE IF EXISTS `t_paper_question`;
CREATE TABLE `t_paper_question` (
  `paper_question_id` int(11) NOT NULL AUTO_INCREMENT,
  `paper_id` int(11) DEFAULT NULL,
  `question_id` int(11) DEFAULT NULL,
  `question_type` int(11) DEFAULT NULL COMMENT '1--选择题  2--填空题  3--判断题',
  PRIMARY KEY (`paper_question_id`)
) ENGINE=InnoDB AUTO_INCREMENT=13 DEFAULT CHARSET=utf8;

-- ----------------------------
-- Records of t_paper_question
-- ----------------------------
INSERT INTO `t_paper_question` VALUES ('1', '1', '10000', '1');
INSERT INTO `t_paper_question` VALUES ('2', '1', '10001', '1');
INSERT INTO `t_paper_question` VALUES ('3', '1', '10002', '1');
INSERT INTO `t_paper_question` VALUES ('4', '1', '10003', '1');
INSERT INTO `t_paper_question` VALUES ('5', '1', '10000', '2');
INSERT INTO `t_paper_question` VALUES ('6', '1', '10001', '2');
INSERT INTO `t_paper_question` VALUES ('7', '1', '10002', '2');
INSERT INTO `t_paper_question` VALUES ('8', '1', '10003', '2');
INSERT INTO `t_paper_question` VALUES ('9', '1', '10000', '3');
INSERT INTO `t_paper_question` VALUES ('10', '1', '10001', '3');
INSERT INTO `t_paper_question` VALUES ('11', '1', '10002', '3');
INSERT INTO `t_paper_question` VALUES ('12', '1', '10003', '3');

-- ----------------------------
-- Table structure for t_practice_record
-- ----------------------------
DROP TABLE IF EXISTS `t_practice_record`;
CREATE TABLE `t_practice_record` (
  `practice_record_id` int(10) unsigned NOT NULL AUTO_INCREMENT,
  `student_id` int(11) DEFAULT NULL,
  `course_name` varchar(255) DEFAULT NULL,
  `score` int(11) DEFAULT NULL,
  `create_time` varchar(255) DEFAULT NULL,
  PRIMARY KEY (`practice_record_id`)
) ENGINE=InnoDB AUTO_INCREMENT=6 DEFAULT CHARSET=utf8;

-- ----------------------------
-- Records of t_practice_record
-- ----------------------------
INSERT INTO `t_practice_record` VALUES ('1', '2020104', '计算机网络', '6', '2023-05-28 21:34-08');
INSERT INTO `t_practice_record` VALUES ('2', '2020104', '计算机网络', '8', '2023-05-28 21:57-56');
INSERT INTO `t_practice_record` VALUES ('3', '2020104', '计算机网络', '4', '2023-05-28 21:59-28');
INSERT INTO `t_practice_record` VALUES ('4', '2020104', '计算机网络', '2', '2023-05-28 22:27-36');
INSERT INTO `t_practice_record` VALUES ('5', '2020104', '计算机网络', '0', '2023-05-29 14:57-00');

-- ----------------------------
-- Table structure for t_student
-- ----------------------------
DROP TABLE IF EXISTS `t_student`;
CREATE TABLE `t_student` (
  `student_id` int(10) unsigned NOT NULL,
  `student_name` varchar(255) DEFAULT NULL,
  `pass_word` varchar(255) DEFAULT '123',
  `gender` enum('女','男') DEFAULT NULL,
  `major_id` int(11) DEFAULT NULL,
  `clazz_id` int(11) DEFAULT NULL,
  `tel` varchar(255) DEFAULT NULL,
  `email` varchar(255) DEFAULT NULL,
  PRIMARY KEY (`student_id`)
) ENGINE=InnoDB DEFAULT CHARSET=utf8;

-- ----------------------------
-- Records of t_student
-- ----------------------------
INSERT INTO `t_student` VALUES ('2020104', '宏天干', '123', '男', '1', '1', null, null);
INSERT INTO `t_student` VALUES ('2020105', '宗平宁', '123', '男', '2', '2', null, null);

-- ----------------------------
-- Table structure for t_student_exam_answer_record
-- ----------------------------
DROP TABLE IF EXISTS `t_student_exam_answer_record`;
CREATE TABLE `t_student_exam_answer_record` (
  `id` int(11) unsigned NOT NULL AUTO_INCREMENT,
  `question_id` int(11) DEFAULT NULL,
  `question_type` int(255) DEFAULT NULL,
  `exam_record_id` int(11) DEFAULT NULL,
  `student_answer` varchar(255) DEFAULT '',
  `right_answer` varchar(255) DEFAULT NULL,
  PRIMARY KEY (`id`)
) ENGINE=InnoDB AUTO_INCREMENT=13 DEFAULT CHARSET=utf8;

-- ----------------------------
-- Records of t_student_exam_answer_record
-- ----------------------------
INSERT INTO `t_student_exam_answer_record` VALUES ('1', '10000', '1', '1', 'C', 'C');
INSERT INTO `t_student_exam_answer_record` VALUES ('2', '10001', '1', '1', 'C', 'D');
INSERT INTO `t_student_exam_answer_record` VALUES ('3', '10002', '1', '1', 'B', 'B');
INSERT INTO `t_student_exam_answer_record` VALUES ('4', '10003', '1', '1', null, 'A');
INSERT INTO `t_student_exam_answer_record` VALUES ('5', '10000', '2', '1', null, '通信子网资源子网');
INSERT INTO `t_student_exam_answer_record` VALUES ('6', '10001', '2', '1', '应用', '应用');
INSERT INTO `t_student_exam_answer_record` VALUES ('7', '10002', '2', '1', '超文本', '超文本传输');
INSERT INTO `t_student_exam_answer_record` VALUES ('8', '10003', '2', '1', null, '分段标志位');
INSERT INTO `t_student_exam_answer_record` VALUES ('9', '10000', '3', '1', 'T', 'T');
INSERT INTO `t_student_exam_answer_record` VALUES ('10', '10001', '3', '1', 'T', 'T');
INSERT INTO `t_student_exam_answer_record` VALUES ('11', '10002', '3', '1', 'T', 'F');
INSERT INTO `t_student_exam_answer_record` VALUES ('12', '10003', '3', '1', null, 'F');

-- ----------------------------
-- Table structure for t_student_practice_answer_record
-- ----------------------------
DROP TABLE IF EXISTS `t_student_practice_answer_record`;
CREATE TABLE `t_student_practice_answer_record` (
  `id` int(10) unsigned NOT NULL AUTO_INCREMENT,
  `question_id` int(11) DEFAULT NULL,
  `question_type` varchar(255) DEFAULT NULL,
  `practice_record_id` int(11) DEFAULT NULL,
  `student_answer` varchar(255) DEFAULT '',
  `right_answer` varchar(255) DEFAULT NULL,
  PRIMARY KEY (`id`)
) ENGINE=InnoDB AUTO_INCREMENT=41 DEFAULT CHARSET=utf8;

-- ----------------------------
-- Records of t_student_practice_answer_record
-- ----------------------------
INSERT INTO `t_student_practice_answer_record` VALUES ('1', '10026', '1', '1', 'C', 'C');
INSERT INTO `t_student_practice_answer_record` VALUES ('2', '10005', '1', '1', 'C', 'B');
INSERT INTO `t_student_practice_answer_record` VALUES ('3', '10011', '1', '1', null, 'D');
INSERT INTO `t_student_practice_answer_record` VALUES ('4', '10033', '1', '1', null, 'C');
INSERT INTO `t_student_practice_answer_record` VALUES ('5', '10015', '2', '1', '接口服务', '接口服务');
INSERT INTO `t_student_practice_answer_record` VALUES ('6', '10025', '2', '1', 'IEE', 'IEEE802');
INSERT INTO `t_student_practice_answer_record` VALUES ('7', '10009', '3', '1', 'T', 'T');
INSERT INTO `t_student_practice_answer_record` VALUES ('8', '10010', '3', '1', 'T', 'F');
INSERT INTO `t_student_practice_answer_record` VALUES ('9', '10006', '1', '2', 'B', 'A');
INSERT INTO `t_student_practice_answer_record` VALUES ('10', '10034', '1', '2', 'C', 'C');
INSERT INTO `t_student_practice_answer_record` VALUES ('11', '10018', '1', '2', 'C', 'D');
INSERT INTO `t_student_practice_answer_record` VALUES ('12', '10032', '1', '2', 'B', 'A');
INSERT INTO `t_student_practice_answer_record` VALUES ('13', '10008', '2', '2', 'C', 'C');
INSERT INTO `t_student_practice_answer_record` VALUES ('14', '10027', '2', '2', '10100111', '10111110110');
INSERT INTO `t_student_practice_answer_record` VALUES ('15', '10011', '3', '2', 'T', 'T');
INSERT INTO `t_student_practice_answer_record` VALUES ('16', '10010', '3', '2', 'F', 'F');
INSERT INTO `t_student_practice_answer_record` VALUES ('17', '10019', '1', '3', 'B', 'A');
INSERT INTO `t_student_practice_answer_record` VALUES ('18', '10018', '1', '3', 'B', 'D');
INSERT INTO `t_student_practice_answer_record` VALUES ('19', '10020', '1', '3', 'B', 'D');
INSERT INTO `t_student_practice_answer_record` VALUES ('20', '10029', '1', '3', 'B', 'A');
INSERT INTO `t_student_practice_answer_record` VALUES ('21', '10022', '2', '3', '交换', '距离向量算法');
INSERT INTO `t_student_practice_answer_record` VALUES ('22', '10025', '2', '3', 'ISO', 'IEEE802');
INSERT INTO `t_student_practice_answer_record` VALUES ('23', '10000', '3', '3', 'T', 'T');
INSERT INTO `t_student_practice_answer_record` VALUES ('24', '10005', '3', '3', 'T', 'T');
INSERT INTO `t_student_practice_answer_record` VALUES ('25', '10017', '1', '4', 'A', 'C');
INSERT INTO `t_student_practice_answer_record` VALUES ('26', '10031', '1', '4', 'A', 'A');
INSERT INTO `t_student_practice_answer_record` VALUES ('27', '10030', '1', '4', 'D', 'A');
INSERT INTO `t_student_practice_answer_record` VALUES ('28', '10004', '1', '4', 'B', 'A');
INSERT INTO `t_student_practice_answer_record` VALUES ('29', '10000', '2', '4', '路由表', '通信子网资源子网');
INSERT INTO `t_student_practice_answer_record` VALUES ('30', '10023', '2', '4', '1111', '80000 ');
INSERT INTO `t_student_practice_answer_record` VALUES ('31', '10011', '3', '4', 'F', 'T');
INSERT INTO `t_student_practice_answer_record` VALUES ('32', '10001', '3', '4', 'F', 'T');
INSERT INTO `t_student_practice_answer_record` VALUES ('33', '10025', '1', '5', 'A', 'B');
INSERT INTO `t_student_practice_answer_record` VALUES ('34', '10015', '1', '5', null, 'A');
INSERT INTO `t_student_practice_answer_record` VALUES ('35', '10026', '1', '5', null, 'C');
INSERT INTO `t_student_practice_answer_record` VALUES ('36', '10030', '1', '5', 'B', 'A');
INSERT INTO `t_student_practice_answer_record` VALUES ('37', '10020', '2', '5', null, '差错纠正  ');
INSERT INTO `t_student_practice_answer_record` VALUES ('38', '10005', '2', '5', '111', '带重发的肯定确认');
INSERT INTO `t_student_practice_answer_record` VALUES ('39', '10007', '3', '5', null, 'T');
INSERT INTO `t_student_practice_answer_record` VALUES ('40', '10002', '3', '5', 'T', 'F');

-- ----------------------------
-- Table structure for t_teacher
-- ----------------------------
DROP TABLE IF EXISTS `t_teacher`;
CREATE TABLE `t_teacher` (
  `id` int(10) unsigned NOT NULL AUTO_INCREMENT,
  `teacher_name` varchar(255) DEFAULT NULL,
  `pass_word` varchar(255) DEFAULT NULL,
  `tel` varchar(255) DEFAULT NULL,
  `email` varchar(255) DEFAULT NULL,
  PRIMARY KEY (`id`)
) ENGINE=InnoDB DEFAULT CHARSET=utf8;

-- ----------------------------
-- Records of t_teacher
-- ----------------------------
